{
  "mae": 0.013407022381414203,
  "r2": -0.30758082298875067
}