{
  "mae": 0.011059096130200839,
  "r2": -0.12875291850639736
}