{
  "mae": 0.009368828409528544,
  "r2": -0.4052343931646287
}